{
  "logreg": {
    "logreg_sklearn_plaintext": {
      "label": "logreg_sklearn_plaintext",
      "accuracy": 0.744,
      "precision": 0.14074074074074075,
      "recall": 0.6129032258064516,
      "f1": 0.22891566265060243,
      "confusion_matrix": [
        [
          353,
          116
        ],
        [
          12,
          19
        ]
      ],
      "roc_auc": 0.7279730380356284,
      "total_time_s": 0.00031638145446777344,
      "num_samples": 500,
      "latency_per_sample_s": 6.327629089355469e-07
    },
    "logreg_clear_quantized": {
      "label": "logreg_clear_quantized",
      "accuracy": 0.742,
      "precision": 0.13970588235294118,
      "recall": 0.6129032258064516,
      "f1": 0.2275449101796407,
      "confusion_matrix": [
        [
          352,
          117
        ],
        [
          12,
          19
        ]
      ],
      "roc_auc": 0.7282137698603756,
      "total_time_s": 0.000453948974609375,
      "num_samples": 500,
      "latency_per_sample_s": 9.0789794921875e-07
    },
    "logreg_compile_time_s": 0.2436678409576416,
    "logreg_fhe_simulate": {
      "label": "logreg_fhe_simulate",
      "accuracy": 0.742,
      "precision": 0.13970588235294118,
      "recall": 0.6129032258064516,
      "f1": 0.2275449101796407,
      "confusion_matrix": [
        [
          352,
          117
        ],
        [
          12,
          19
        ]
      ],
      "roc_auc": 0.7282137698603756,
      "total_time_s": 2.2220141887664795,
      "num_samples": 500,
      "latency_per_sample_s": 0.004444028377532959
    },
    "logreg_fhe_execute": {
      "label": "logreg_fhe_execute_all_500",
      "accuracy": 0.742,
      "precision": 0.13970588235294118,
      "recall": 0.6129032258064516,
      "f1": 0.2275449101796407,
      "confusion_matrix": [
        [
          352,
          117
        ],
        [
          12,
          19
        ]
      ],
      "total_time_s": 10.500032901763916,
      "num_samples": 500,
      "latency_per_sample_s": 0.021000065803527833,
      "compile_time_s": 0.2436678409576416
    }
  },
  "linear_svm": {
    "linear_svm_sklearn_plaintext": {
      "label": "linear_svm_sklearn_plaintext",
      "accuracy": 0.748,
      "precision": 0.14814814814814814,
      "recall": 0.6451612903225806,
      "f1": 0.24096385542168672,
      "confusion_matrix": [
        [
          354,
          115
        ],
        [
          11,
          20
        ]
      ],
      "roc_auc": 0.7210262053786368,
      "total_time_s": 0.00042939186096191406,
      "num_samples": 500,
      "latency_per_sample_s": 8.587837219238281e-07
    },
    "linear_svm_clear_quantized": {
      "label": "linear_svm_clear_quantized",
      "accuracy": 0.748,
      "precision": 0.14814814814814814,
      "recall": 0.6451612903225806,
      "f1": 0.24096385542168672,
      "confusion_matrix": [
        [
          354,
          115
        ],
        [
          11,
          20
        ]
      ],
      "roc_auc": 0.7215076690281311,
      "total_time_s": 0.0005297660827636719,
      "num_samples": 500,
      "latency_per_sample_s": 1.0595321655273437e-06
    },
    "linear_svm_compile_time_s": 0.21754956245422363,
    "linear_svm_fhe_simulate": {
      "label": "linear_svm_fhe_simulate",
      "accuracy": 0.748,
      "precision": 0.14814814814814814,
      "recall": 0.6451612903225806,
      "f1": 0.24096385542168672,
      "confusion_matrix": [
        [
          354,
          115
        ],
        [
          11,
          20
        ]
      ],
      "roc_auc": 0.7215076690281311,
      "total_time_s": 1.3483874797821045,
      "num_samples": 500,
      "latency_per_sample_s": 0.0026967749595642088
    },
    "linear_svm_fhe_execute": {
      "label": "linear_svm_fhe_execute_all_500",
      "accuracy": 0.748,
      "precision": 0.14814814814814814,
      "recall": 0.6451612903225806,
      "f1": 0.24096385542168672,
      "confusion_matrix": [
        [
          354,
          115
        ],
        [
          11,
          20
        ]
      ],
      "total_time_s": 9.472277641296387,
      "num_samples": 500,
      "latency_per_sample_s": 0.018944555282592774,
      "compile_time_s": 0.21754956245422363
    }
  },
  "decision_tree": {
    "decision_tree_sklearn_plaintext": {
      "label": "decision_tree_sklearn_plaintext",
      "accuracy": 0.736,
      "precision": 0.13138686131386862,
      "recall": 0.5806451612903226,
      "f1": 0.2142857142857143,
      "confusion_matrix": [
        [
          350,
          119
        ],
        [
          13,
          18
        ]
      ],
      "roc_auc": 0.6393837265286471,
      "total_time_s": 0.00019478797912597656,
      "num_samples": 500,
      "latency_per_sample_s": 3.895759582519531e-07
    },
    "decision_tree_clear_quantized": {
      "label": "decision_tree_clear_quantized",
      "accuracy": 0.732,
      "precision": 0.1347517730496454,
      "recall": 0.6129032258064516,
      "f1": 0.22093023255813954,
      "confusion_matrix": [
        [
          347,
          122
        ],
        [
          12,
          19
        ]
      ],
      "roc_auc": 0.6510420248985488,
      "total_time_s": 0.0064220428466796875,
      "num_samples": 500,
      "latency_per_sample_s": 1.2844085693359375e-05
    },
    "decision_tree_compile_time_s": 1.3145651817321777,
    "decision_tree_fhe_simulate": {
      "label": "decision_tree_fhe_simulate",
      "accuracy": 0.732,
      "precision": 0.1347517730496454,
      "recall": 0.6129032258064516,
      "f1": 0.22093023255813954,
      "confusion_matrix": [
        [
          347,
          122
        ],
        [
          12,
          19
        ]
      ],
      "roc_auc": 0.6510420248985488,
      "total_time_s": 7.973920822143555,
      "num_samples": 500,
      "latency_per_sample_s": 0.01594784164428711
    },
    "decision_tree_fhe_execute": {
      "label": "decision_tree_fhe_execute_all_500",
      "accuracy": 0.732,
      "precision": 0.1347517730496454,
      "recall": 0.6129032258064516,
      "f1": 0.22093023255813954,
      "confusion_matrix": [
        [
          347,
          122
        ],
        [
          12,
          19
        ]
      ],
      "total_time_s": 250.78010416030884,
      "num_samples": 500,
      "latency_per_sample_s": 0.5015602083206177,
      "compile_time_s": 1.3145651817321777
    }
  },
  "random_forest": {
    "random_forest_sklearn_plaintext": {
      "label": "random_forest_sklearn_plaintext",
      "accuracy": 0.742,
      "precision": 0.14492753623188406,
      "recall": 0.6451612903225806,
      "f1": 0.2366863905325444,
      "confusion_matrix": [
        [
          351,
          118
        ],
        [
          11,
          20
        ]
      ],
      "roc_auc": 0.7661462273884037,
      "total_time_s": 0.0015521049499511719,
      "num_samples": 500,
      "latency_per_sample_s": 3.1042098999023436e-06
    },
    "random_forest_clear_quantized": {
      "label": "random_forest_clear_quantized",
      "accuracy": 0.732,
      "precision": 0.1347517730496454,
      "recall": 0.6129032258064516,
      "f1": 0.22093023255813954,
      "confusion_matrix": [
        [
          347,
          122
        ],
        [
          12,
          19
        ]
      ],
      "roc_auc": 0.725944012655616,
      "total_time_s": 0.011763811111450195,
      "num_samples": 500,
      "latency_per_sample_s": 2.352762222290039e-05
    },
    "random_forest_compile_time_s": 1.3378615379333496,
    "random_forest_fhe_simulate": {
      "label": "random_forest_fhe_simulate",
      "accuracy": 0.736,
      "precision": 0.1366906474820144,
      "recall": 0.6129032258064516,
      "f1": 0.2235294117647059,
      "confusion_matrix": [
        [
          349,
          120
        ],
        [
          12,
          19
        ]
      ],
      "roc_auc": 0.7259784029162941,
      "total_time_s": 8.082985877990723,
      "num_samples": 500,